Workbook

Sheet Sheet1
A1: No. | B1: Meaning | C1: Default | D1: Pinion test
A2: P01 | B2: Type of movement | C2: 0 | D2: 1
B3: 0 = rotational
B4: Rotating table, 1 limit switch for mechanical zero
B5: (referencing)
B6: 1 = linear for XY tables or other linear systems, 2 limit switches:
B7: Mechanical zero and limit direction – Limit direction +
A8: P02 | B8: Measuring units of movement | C8: 1 | D8: =Sheet2!E17 -> 2
B9: 1 = step
B10: 2 = mm
B11: 3 = inch
B12: 4 = degree
A13: P03 | B13: Conversion factor for the thread 1 step corresponds to ... | C13: 1 | D13: =Sheet2!E22 -> 0.0050131798
B14: If P03 = 1 (steps) the conversion factor is 1.
B15: Computing the conversion factor:
B16: Thread
B17: Conversion factor =
B19: Numberof stepsperrevolution
B20: Example:
B21: 4 mm thread pitch
B22: 200-step motor = 400 steps/rev. in the half step mode
B23: Conversion factor =
B24: = 0.01
A25: P04 | B25: Start/stop frequency | C25: 400 | D25: =Sheet2!E23 -> 943
B26: The start/stop frequency is the maximum frequency to start or stop the motor without ramp. At higher frequencies, step losses or motor stop would be the result of a start or stop without ramp. The start/stop frequency depends on various factors: type of motor, load, mechanical system, power stage.
B27: The frequency is programmed in Hz.
A28: P05 | B28: not used
A29: P06
A30: P07 | B30: Emergency stop ramp | C30: 100 000 | D30: =Sheet2!E24 -> 20000
B31: The frequency is programmed in 4000-Hz/sec-steps.
A32: P08 | B32: fmax MØP (mechanical zero point) | C32: 4000 | D32: =Sheet2!E25 -> 94
B33: Run frequency during initializing (referencing)
B34: Enter in Hz (integer value)
A35: P09 | B35: Ramp MØP | C35: 4000 | D35: =Sheet2!E28 -> 0
B36: Ramp during initializing, associated to parameter P08 Enter in 4000-Hz/sec-steps
A37: P10 | B37: fmin MØP Run frequency for leaving the limit switch range | C37: 400 | D37: =Sheet2!E29 -> 943
B38: Enter in Hz
A39: P11 | B39: MØP offset for limit switch direction + | C39: 0 | D39: =Sheet2!E30 -> 2?
B40: Distance between reference point MØP and limit switch activation
B41: Unit: is defined in parameter P02
A42: P12 | B42: MØP offset for limit switch direction – | C42: 0 | D42: =Sheet2!E31 -> 2?
B43: Distance between reference point MØP and limit switch activation
B44: Unit: is defined in parameter P02
A45: P13 | B45: Recovery time MØP | C45: 20 | D45: =Sheet2!E32 -> 20
B46: Time lapse during initialization
B47: Enter in msec
A48: P14 | B48: fmax Run frequency during program operation | C48: 4000 | D48: =Sheet2!E33 -> 9431
B49: Enter in Hz (integer value) (40 000 maximum)
A50: P15 | B50: Ramp for run frequency (P14) | C50: 4000 | D50: =Sheet2!E34 -> 8000
B51: Input in 4000-Hz/sec-steps (4000 to 500 000 Hz/sec)
A52: P16 | B52: Recovery time position | C52: 20 | D52: =Sheet2!E35 -> 20
B53: Time lapse after positioning
B54: Input in msec
A55: P17 | B55: Boost (defined in P42) | C55: 0 | D55: 0
B56: 0 = off
B57: 1 = on during motor run
B58: 2 = on during acceleration and deceleration ramp Remarks:
B59: The boost current can be set in parameter P42.
B60: You can select with parameter P17 in which situation the controller switches to boost current.
B61: P17 = 1 means, the boost current always is switched on during motor run. During motor standstill the controller switches to stop current.
A63: P18 | B63: not used
A64: P19 | B64: Electronical zero counter | C64: 0 | D64: 0
B65: Used for setting operating points. At standstill of the axis, P19 can be read or programmed during program execution.
A66: P20 | B66: Mechanical zero counter | C66: 0 | D66: 0
B67: This counter contains the number of steps referred to the mechanical zero (MØP). Can be read at axis standstill. If the axis reaches the MØP, P20 will be set to zero.
A68: P21 | B68: Absolute counter | C68: 0 | D68: 0
B69: Encoder, multi turn and also for single turn.
B70: The value of P22 is extended to P21 by software. The encoder counters have a fixed resolution, e.g. 10 bit (for single-turn encoders: the resolution is bits per turn), then the read value repeats. A saw tooth profile of the the numerical values is produced during a continuous motor running. This course is "straightened" by software. P20 and P21 will be scaled to the same value per revolution by P3 and P39 and are therefore directly comparable, see P36.
A71: P22 | B71: Encoder counter | C71: 0 | D71: 0
B72: Indicates the true encoder position.
A73: P23 | B73: Axial limitation pos. direction + | C73: 0 | D73: 0
B74: If the number of steps is reached, the run in + direction is aborted.
B75: 0 = no limitation
A76: P24 | B76: Axial limitation neg. direction – | C76: 0 | D76: 0
B77: If the number of steps is reached, the run in – direction is aborted. 0 = no limitation
A78: P25 | B78: Compensation for play | C78: 0 | D78: 0
B79: Indicates the step number, the target position in the selected direction is passed over and afterwards is started in reverse direction.
B80: 0 = no compensation for play
A81: P26 | B81: not used
A82: P27 | B82: Initiator type | C82: 0 | D82: 0
B83: 0 = PNP normally closed contact (NCC)
B84: 1 = PNP normally open contact (NOC)
A85: No. | B85: Meaning | E85: Default
A86: P 28 to P33 not used
A87: P34 | B87: Encoder type | E87: 0 | F87: 1
B88: 0 = no
B89: 1 = incremental
B90: 2 = serial interface SSI binary Code
B91: 3 = serial interface SSI Gray Code
B92: Connect the correct encoder type!
B93: Do not parameterize an incremental encoder as SSI. Danger of damage!
A95: P35 | B95: Encoder resolution for SSI encoder | E95: 10 | F95: 10
B96: Enter max. encoder resolution in bit (max. 31Bit)
A97: P36 | B97: Encoder function | E97: 0 | F97: 0
B98: 0 = counter
A99: P37 | B99: not used
A100: P38 | B100: Encoder preferential direction of rotation | E100: 0 | F100: 0
B101: 0 = + (positive)
B102: 1 = – (negative)
A103: P39 | B103: Encoder conversion factor | E103: 1 | F103: 1
...

Sheet Sheet2
C3: Test parameters (fixed) | D3: Value | E3: Input in controller | F3: Unit | G3: Control parameter | H3: Comment
C4: Gear ratio wheel -> pinion | D4: 42 | F4: [-]
C5: Angular acceleration required | D5: 2.6731253 | F5: [rad/s2]
C6: Angular acceleration required | D6: =D5/(2*PI()) -> 0.42544111 | F6: [rot/s2]
C7: Drive speed of pinion | D7: 30.1 | F7: [rpm]
C8: Operational speed | D8: 47.280969 | F8: [mm/s]
C9: Rotations per cycle | D9: 3.1830989
C10: Stroke of gear rack | D10: 150 | F10: [mm]
C11: Reference diameter pinion | D11: 30 | F11: [mm]
C12: Stroke per rotation of pinion | D12: =2*PI()*(D11/2) -> 94.24778 | F12: [mm]
C13: Rotations per full stroke | D13: =D10/D12 -> 1.5915494 | F13: [-]
C14: Rotations per cycle | D14: =2*D13 -> 3.1830989 | F14: [-]
C15: Drive speed of pinion | D15: =D8/D12 -> 0.50166667 | F15: [rot/s]
C16: Motor controller parameters
C17: Measuring units of movement | D17: 2 | E17: =D17 -> 2 | F17: [mm] | G17: P02
C18: Full steps per revolution | D18: 200 | F18: [-/rot]
C19: Step resolution | D19: 94 | E19: =D19 -> 94 | F19: [-] | G19: P45
C20: Pulses/steps per revolution | D20: =D18*D19 -> 18800 | F20: [-/rot]
C21: thread pitch | D21: =D12 -> 94.24778 | F21: [mm] | H21: Thread pitch: displacement per single rotation of thread.
C22: Conversion factor for the thread | D22: =D21/D20 -> 0.0050131798 | E22: =D22 -> 0.0050131798 | F22: [-] | G22: P03 | H22: Motor controller sees the system as a worm wheel.
C23: Start/stop frequency | D23: =D33/10 -> 943.13333 | E23: =ROUND(D23,0) -> 943 | F23: [Hz] | G23: P04
C24: Stop ramp down frequency | D24: =20*D23 -> 18862.667 | E24: =MROUND(D24,4000) -> 20000 | F24: [Hz/s] | G24: P07 | H24: Should be an integer multiple of 4000
C25: Pulse frequency during initializing | D25: =D23/10 -> 94.313333 | E25: =ROUND(D25,0) -> 94 | F25: [Hz] | G25: P08
C26: Pulse rampup frequency when running | D26: =D6*D20 -> 7998.2928 | E26: =MROUND(D26,4000) -> 8000 | F26: Hz/s] | H26: Should be an integer multiple of 4000
C27: Rampup time | D27: 1 | F27: [s]
C28: Ramp up when initializing | D28: =D25*D27 -> 94.313333 | E28: =MROUND(D28,4000) -> 0 | F28: [Hz/s] | G28: P09 | H28: Should be an integer multiple of 4000
C29: Frequeny for leaving limit switch range | D29: =D33/10 -> 943.13333 | E29: =ROUND(D29,0) -> 943 | F29: [Hz] | G29: P10
C30: MØP offset for limit switch direction + Distance between reference point MØP and limit switch activation | D30: 2? | E30: =D30 -> 2? | F30: =F17 -> [mm] | G30: P11
C31: MØP offset for limit switch direction – Distance between reference point MØP and limit switch activation Unit: is defined in parameter P02 | D31: 2? | E31: =D31 -> 2? | F31: =F17 -> [mm] | G31: P12
C32: Recovery time M0, time lapse during initialization | D32: 20 | E32: =D32 -> 20 | F32: [ms] | G32: P13 | H32: Used default value of 20 msec
C33: Run frequency during program operation | D33: =D15*D20 -> 9431.3333 | E33: =ROUND(D33,0) -> 9431 | F33: [Hz] | G33: P14
C34: Ramp for run frequency | D34: =D6*D20 -> 7998.2928 | E34: =MROUND(D34,4000) -> 8000 | F34: [Hz/s] | G34: P15 | H34: Should be an integer multiple of 4000
C35: Recovery time after positioning | D35: 20 | E35: =D35 -> 20 | F35: [ms] | G35: P16 | H35: Used default value of 20 msec
